attendance,average_grade,lms_logins,assignment_delay_days,forum_participation,study_hours_per_week,engagement_score,academic_index,procrastination_index,dropout
78,73,14,6,11,5,12.2,75.5,2.6999999999999993,0
91,67,8,6,1,1,3.8000000000000003,79.0,3.8999999999999995,0
68,70,14,0,2,4,6.800000000000001,69.0,-1.2,0
54,47,23,11,2,12,10.4,50.5,4.1,1
82,78,3,8,11,24,7.8,80.0,-1.5999999999999996,0
47,65,11,14,14,10,12.8,56.0,6.799999999999999,1
60,97,36,1,8,23,19.2,78.5,-6.199999999999999,0
78,73,36,4,7,21,18.6,75.5,-3.5,0
97,93,5,12,10,20,8.0,95.0,2.3999999999999986,0
58,93,38,13,15,24,24.200000000000003,75.5,1.9000000000000004,0
62,42,23,4,3,13,11.0,52.0,-1.1,1
50,98,10,13,0,23,4.0,74.0,2.2,0
50,89,12,7,6,14,8.4,69.5,0.6999999999999993,1
63,51,33,13,1,23,13.8,57.0,2.2,1
92,40,24,7,4,5,12.000000000000002,66.0,3.3999999999999995,0
75,93,6,13,6,4,6.0,84.0,7.8999999999999995,0
79,83,3,6,3,14,3.0,81.0,-8.881784197001252e-16,0
63,44,7,6,4,10,5.2,53.5,1.1999999999999993,1
42,69,19,11,0,17,7.6000000000000005,55.5,2.5999999999999996,1
61,69,28,10,0,10,11.200000000000001,65.0,4.0,1
92,98,9,5,14,7,12.0,95.0,1.4,0
41,96,33,5,19,16,24.6,68.5,-1.2999999999999998,1
63,56,25,10,18,1,20.799999999999997,59.5,6.7,1
83,87,2,8,9,17,6.199999999999999,85.0,0.5,0
69,86,5,5,17,21,12.2,77.5,-2.8,0
77,62,4,11,2,9,2.8,69.5,5.0,1
41,54,4,12,10,6,7.6,47.5,6.599999999999999,1
99,76,22,12,14,19,17.200000000000003,87.5,2.6999999999999984,0
60,60,8,1,10,13,9.2,60.0,-3.2,1
72,53,34,1,16,3,23.200000000000003,62.5,-0.19999999999999996,0
51,41,19,12,16,7,17.2,46.0,6.299999999999999,1
97,50,34,4,5,22,16.6,73.5,-3.8,0
61,90,17,14,4,9,9.200000000000001,75.5,7.1,0
83,78,16,3,7,22,10.600000000000001,80.5,-4.5,0
64,77,23,10,1,5,9.8,70.5,5.5,0
88,99,2,1,15,10,9.8,93.5,-2.3,0
66,73,31,14,19,23,23.8,69.5,2.8999999999999995,0
98,77,34,14,11,17,20.200000000000003,87.5,4.699999999999999,0
81,89,37,2,5,12,17.8,85.0,-2.1999999999999997,0
67,73,12,6,0,23,4.800000000000001,70.0,-2.7,0
99,57,24,7,3,16,11.400000000000002,78.0,0.09999999999999964,0
55,69,8,11,16,3,12.8,62.0,6.799999999999999,1
54,54,3,12,12,22,8.399999999999999,54.0,1.799999999999999,1
86,66,13,5,17,9,15.399999999999999,76.0,0.8000000000000003,0
90,90,36,10,4,15,16.8,90.0,2.5,0
83,73,33,4,2,5,14.4,78.0,1.2999999999999998,0
94,91,10,12,10,23,10.0,92.5,1.4999999999999991,0
91,96,2,0,12,13,7.999999999999999,93.5,-3.9,0
96,77,27,7,3,14,12.600000000000001,86.5,0.6999999999999993,0
42,72,28,2,13,20,19.0,57.0,-4.6,1
76,63,8,14,10,15,9.2,69.5,5.299999999999999,1
90,54,2,5,9,16,6.199999999999999,72.0,-1.2999999999999998,0
46,99,24,2,18,23,20.4,72.5,-5.5,0
60,69,33,6,17,13,23.4,64.5,0.2999999999999994,1
48,94,11,12,5,17,7.4,71.0,3.299999999999999,1
78,81,8,13,14,23,11.600000000000001,79.5,2.2,0
57,90,14,6,9,8,11.0,73.5,1.7999999999999994,0
43,56,39,11,4,21,18.0,49.5,1.3999999999999995,1
64,44,24,14,4,2,12.000000000000002,54.0,9.2,1
99,68,4,8,9,5,7.0,83.5,4.1,0
53,43,10,4,4,6,6.4,48.0,1.0,1
89,49,33,14,2,12,14.4,69.0,6.199999999999999,0
97,95,23,7,5,18,12.200000000000001,96.0,-0.5,0
48,56,14,9,3,22,7.4,52.0,-0.2999999999999998,1
65,49,37,9,17,22,25.0,57.0,-0.2999999999999998,1
92,56,7,7,8,1,7.6,74.0,4.6,0
41,99,4,0,16,17,11.2,70.0,-5.1,1
59,59,25,11,12,11,17.2,59.0,4.3999999999999995,1
67,63,17,4,14,10,15.200000000000001,65.0,-0.20000000000000018,1
86,44,5,2,19,19,13.4,65.0,-4.300000000000001,0
99,73,36,0,16,14,24.0,86.0,-4.2,0
46,45,12,3,12,10,12.0,45.5,-0.9000000000000004,1
83,92,27,7,15,15,19.8,87.5,0.39999999999999947,0
47,41,4,2,3,19,3.4,44.0,-4.300000000000001,1
86,52,12,9,4,4,7.200000000000001,69.0,5.1,0
74,82,16,1,4,2,8.8,78.0,0.09999999999999998,0
53,82,39,10,8,9,20.400000000000002,67.5,4.300000000000001,0
56,87,31,8,16,10,22.0,71.5,2.5999999999999996,0
75,50,28,9,12,11,18.4,62.5,3.0,1
89,90,2,4,1,14,1.4,89.5,-1.4000000000000004,0
79,86,39,13,12,7,22.8,82.5,7.0,0
43,96,33,6,18,23,24.0,69.5,-2.7,0
41,62,39,10,2,15,16.8,51.5,2.5,1
45,94,26,10,9,22,15.8,69.5,0.40000000000000036,1
93,55,12,1,1,19,5.4,74.0,-5.0,0
81,70,32,8,12,22,20.0,75.5,-1.0,0
43,50,5,12,18,15,12.799999999999999,46.5,3.8999999999999986,1
93,93,23,8,16,24,18.8,93.0,-1.5999999999999996,0
68,55,18,3,13,8,15.0,61.5,-0.30000000000000027,1
57,47,15,3,11,11,12.6,52.0,-1.2000000000000002,1
65,43,39,5,11,9,22.200000000000003,54.0,0.8000000000000003,1
83,79,27,9,10,15,16.8,81.0,1.7999999999999998,0
73,43,32,9,6,1,16.4,58.0,6.0,1
49,95,12,9,3,1,6.6000000000000005,72.0,6.0,1
75,64,24,5,18,19,20.4,69.5,-2.2,0
53,42,35,11,0,3,14.0,47.5,6.799999999999999,1
70,71,26,0,2,10,11.6,70.5,-3.0,0
87,42,37,13,12,8,22.0,64.5,6.699999999999999,0
54,66,6,13,14,15,10.8,60.0,4.6,1
47,68,4,8,1,10,2.2,57.5,2.5999999999999996,1
53,71,30,1,10,1,18.0,62.0,0.39999999999999997,1
62,89,22,4,3,18,10.600000000000001,75.5,-2.5999999999999996,0
99,97,9,8,18,2,14.399999999999999,98.0,5.0,0
96,90,31,3,16,19,22.0,93.0,-3.6000000000000005,0
79,58,29,10,2,13,12.8,68.5,3.1,0
60,60,38,2,17,22,25.4,60.0,-5.199999999999999,1
55,44,30,14,7,1,16.2,49.5,9.499999999999998,1
84,57,17,6,18,2,17.6,70.5,3.599999999999999,0
57,67,35,5,4,16,16.4,62.0,-1.2999999999999998,1
86,81,1,7,6,15,3.9999999999999996,83.5,0.39999999999999947,0
92,61,13,2,7,13,9.4,76.5,-2.5,0
63,60,12,4,4,16,7.200000000000001,61.5,-2.0,1
65,45,28,9,16,17,20.8,55.0,1.2000000000000002,1
64,40,11,3,4,21,6.800000000000001,52.0,-4.2,1
99,44,38,14,3,7,17.0,71.5,7.699999999999999,0
99,80,1,12,18,24,11.2,89.5,1.1999999999999993,0
99,51,31,3,1,17,13.0,75.0,-3.0,0
84,65,12,3,10,7,10.8,74.5,-4.440892098500626e-16,0
80,85,26,9,12,13,17.6,82.5,2.4,0
68,73,16,7,14,5,14.8,70.5,3.3999999999999995,0
54,88,39,5,11,17,22.200000000000003,71.0,-1.5999999999999996,0
84,53,30,2,10,3,18.0,68.5,0.5,0
40,65,33,9,6,7,16.8,52.5,4.199999999999999,1
64,84,23,4,4,17,11.600000000000001,74.0,-2.3,0
46,66,34,5,16,7,23.200000000000003,56.0,1.4,1
48,48,5,4,19,21,13.4,48.0,-3.5,1
63,65,18,5,8,1,12.0,64.0,3.2,1
40,96,29,7,13,17,19.400000000000002,68.0,-0.20000000000000018,1
83,86,6,6,11,17,9.0,84.5,-0.9000000000000004,0
47,96,9,4,5,11,6.6,71.5,-0.5,1
63,61,31,9,16,3,22.0,62.0,5.4,1
50,86,33,5,18,15,24.0,68.0,-1.0,0
90,95,27,13,18,21,21.6,92.5,2.8,0
56,69,14,3,15,11,14.600000000000001,62.5,-1.2000000000000002,1
47,82,29,11,11,16,18.200000000000003,64.5,2.8999999999999995,1
74,87,36,8,11,22,21.0,80.5,-1.0,0
74,56,28,12,19,9,22.6,65.0,5.699999999999999,1
72,65,21,3,5,24,11.4,68.5,-5.1,0
98,75,3,0,3,24,3.0,86.5,-7.199999999999999,0
44,40,19,6,5,1,10.600000000000001,42.0,3.8999999999999995,1
81,47,31,6,10,22,18.4,64.0,-2.4000000000000004,0
78,88,35,3,0,16,14.0,83.0,-2.7,0
97,74,3,12,14,9,9.600000000000001,85.5,5.699999999999999,0
80,91,26,13,10,19,16.4,85.5,3.3999999999999995,0
67,54,16,2,18,12,17.2,60.5,-2.1999999999999997,1
46,86,11,7,17,19,14.6,66.0,-0.8000000000000007,1
48,95,21,4,16,22,18.0,71.5,-3.8,0
47,61,16,9,18,9,17.2,54.0,3.6,1
51,53,9,6,13,7,11.4,52.0,2.099999999999999,1
73,65,0,3,17,14,10.2,69.0,-2.1000000000000005,0
72,67,21,3,18,19,19.2,69.5,-3.6000000000000005,0
87,62,25,7,14,19,18.4,74.5,-0.8000000000000007,0
94,53,17,13,14,2,15.200000000000001,73.5,8.5,0
62,63,13,7,3,9,7.0,62.5,2.1999999999999997,1
63,41,28,1,6,13,14.8,52.0,-3.2,1
76,84,11,13,12,15,11.6,80.0,4.6,0
74,65,35,1,2,3,15.2,69.5,-0.19999999999999996,0
83,53,34,2,15,11,22.6,68.0,-1.9,0
79,98,11,14,8,21,9.2,88.5,3.499999999999999,0
61,95,6,11,7,14,6.6000000000000005,78.0,3.499999999999999,0
66,90,28,11,19,8,22.6,78.0,5.299999999999999,0
74,46,10,2,12,18,11.2,60.0,-3.9999999999999996,1
40,42,32,0,16,19,22.4,41.0,-5.7,1
74,86,5,14,16,16,11.6,80.0,4.999999999999999,0
76,62,14,13,16,2,15.2,69.0,8.5,0
86,85,31,2,0,8,12.4,85.5,-1.0,0
53,82,10,5,7,22,8.2,67.5,-3.0999999999999996,1
42,86,22,7,18,6,19.6,64.0,3.0999999999999996,1
40,99,25,12,5,12,13.0,69.5,4.799999999999999,1
44,84,33,11,2,15,14.4,64.0,3.1999999999999993,1
65,57,33,13,4,8,15.600000000000001,61.0,6.699999999999999,1
94,97,28,9,12,4,18.4,95.5,5.1,0
53,77,3,5,14,15,9.600000000000001,65.0,-1.0,1
78,74,16,4,13,20,14.2,76.0,-3.2,0
66,90,34,14,15,17,22.6,78.0,4.699999999999999,0
48,54,12,3,17,13,15.0,51.0,-1.8000000000000003,1
54,64,38,2,10,18,21.200000000000003,59.0,-3.9999999999999996,1
54,94,14,12,2,2,6.800000000000001,74.0,7.799999999999999,0
65,76,28,3,9,13,16.6,70.5,-1.8000000000000003,0
81,67,28,13,9,13,16.6,74.0,5.199999999999999,0
99,49,10,6,15,22,13.0,74.0,-2.4000000000000004,0
52,78,31,0,11,15,19.0,65.0,-4.5,1
90,96,1,6,1,20,1.0,93.0,-1.8000000000000007,0
71,56,13,0,8,10,10.0,63.5,-3.0,1
78,78,19,1,2,3,8.8,78.0,-0.19999999999999996,0
88,61,21,14,14,19,16.8,74.5,4.099999999999999,0
91,65,10,3,2,3,5.2,78.0,1.1999999999999997,0
71,83,26,0,18,22,21.2,77.0,-6.6,0
43,64,2,10,17,14,11.0,53.5,2.8,1
69,56,16,11,7,8,10.600000000000001,62.5,5.299999999999999,1
76,52,27,10,16,23,20.4,64.0,0.10000000000000053,1
62,59,28,14,7,4,15.400000000000002,60.5,8.6,1
78,64,20,10,6,20,11.6,71.0,1.0,0
84,43,15,8,6,11,9.6,63.5,2.3,1
54,49,36,11,2,11,15.6,51.5,4.3999999999999995,1
82,42,19,5,0,11,7.6000000000000005,62.0,0.20000000000000018,1
68,80,5,12,3,2,3.8,74.0,7.799999999999999,0
75,84,18,0,4,17,9.6,79.5,-5.1,0
52,57,4,0,0,9,1.6,54.5,-2.6999999999999997,1
71,86,2,5,14,2,9.200000000000001,78.5,2.9,0
46,75,0,3,4,24,2.4,60.5,-5.1,1
98,86,37,3,12,15,22.0,92.0,-2.4000000000000004,0
90,61,14,14,7,16,9.8,75.5,4.999999999999999,0
61,73,33,10,7,4,17.400000000000002,67.0,5.8,1
67,86,34,14,4,8,16.0,76.5,7.399999999999999,0
41,47,24,5,8,9,14.400000000000002,44.0,0.8000000000000003,1
81,79,23,14,0,5,9.200000000000001,80.0,8.299999999999999,0
84,88,11,13,3,16,6.2,86.0,4.3,0
96,83,17,11,2,13,8.0,89.5,3.7999999999999994,0
92,58,14,10,1,7,6.2,75.0,4.9,0
45,81,15,6,7,20,10.2,63.0,-1.8000000000000007,1
67,80,26,8,8,17,15.2,73.5,0.5,0
67,76,7,9,1,3,3.4000000000000004,71.5,5.4,0
83,45,24,4,13,5,17.400000000000002,64.0,1.2999999999999998,0
83,91,16,8,13,19,14.2,87.0,-0.10000000000000053,0
59,65,28,3,3,12,13.0,62.0,-1.5,1
69,73,7,12,5,7,5.800000000000001,71.0,6.299999999999999,0
50,98,14,9,10,9,11.600000000000001,74.0,3.6,0
97,95,26,1,2,6,11.6,96.0,-1.0999999999999999,0
94,98,6,2,7,17,6.6000000000000005,96.0,-3.6999999999999997,0
67,84,2,12,2,16,2.0,75.5,3.5999999999999988,0
64,45,28,10,13,23,19.0,54.5,0.10000000000000053,1
78,76,23,0,12,3,16.4,77.0,-0.8999999999999999,0
72,96,2,13,12,21,7.999999999999999,84.0,2.8,0
40,72,19,13,1,4,8.200000000000001,56.0,7.8999999999999995,1
96,92,14,5,12,10,12.8,94.0,0.5,0
66,61,24,12,18,5,20.4,63.5,6.899999999999999,1
96,60,29,5,5,21,14.600000000000001,78.0,-2.8,0
91,45,13,0,15,22,14.2,68.0,-6.6,0
52,45,6,10,1,10,3.0000000000000004,48.5,4.0,1
80,94,16,12,7,12,10.600000000000001,87.0,4.799999999999999,0
42,87,19,2,16,10,17.2,64.5,-1.6,1
78,43,35,4,1,13,14.6,60.5,-1.1,1
45,69,8,2,9,11,8.6,57.0,-1.9,1
47,50,37,9,15,22,23.8,48.5,-0.2999999999999998,1
66,69,21,2,5,16,11.4,67.5,-3.4,0
48,70,1,13,1,8,1.0,59.0,6.699999999999999,1
76,63,23,9,1,8,9.8,69.5,3.9,0
72,94,7,2,12,8,10.0,83.0,-1.0,0
90,48,10,4,14,13,12.4,69.0,-1.1,0
81,94,12,12,1,2,5.4,87.5,7.799999999999999,0
83,42,16,4,6,12,10.0,62.5,-0.7999999999999998,1
63,90,7,3,2,10,4.0,76.5,-0.9000000000000004,0
54,70,20,0,7,12,12.2,62.0,-3.5999999999999996,1
98,79,17,4,13,11,14.600000000000001,88.5,-0.5,0
93,76,29,9,6,15,15.200000000000001,84.5,1.7999999999999998,0
71,75,17,4,6,16,10.4,73.0,-2.0,0
71,63,30,3,0,17,12.0,67.0,-3.0,0
63,70,37,5,16,2,24.4,66.5,2.9,0
80,45,31,9,8,18,17.2,62.5,0.9000000000000004,1
91,41,10,3,12,12,11.2,66.0,-1.5,0
88,59,24,13,18,19,20.4,73.5,3.3999999999999995,0
88,67,32,6,18,23,23.6,77.5,-2.7,0
97,50,37,6,16,18,24.4,73.5,-1.2000000000000002,0
91,43,7,1,9,17,8.2,67.0,-4.3999999999999995,0
51,54,10,2,9,6,9.399999999999999,52.5,-0.3999999999999999,1
78,45,21,0,3,15,10.2,61.5,-4.5,1
41,93,23,7,7,3,13.400000000000002,67.0,3.9999999999999996,1
42,88,16,8,19,6,17.8,65.0,3.8,1
88,69,11,3,19,3,15.8,78.5,1.1999999999999997,0
76,95,31,5,17,1,22.6,85.5,3.2,0
88,77,14,8,13,13,13.4,82.5,1.6999999999999997,0
95,90,15,5,17,21,16.2,92.5,-2.8,0
56,96,21,13,13,14,16.2,76.0,4.8999999999999995,0
98,41,27,11,19,13,22.200000000000003,69.5,3.7999999999999994,0
88,54,19,11,14,4,16.0,71.0,6.499999999999999,0
41,50,32,11,3,7,14.600000000000001,45.5,5.6,1
41,47,9,8,12,22,10.799999999999999,44.0,-1.0,1
67,65,39,14,7,10,19.8,66.0,6.799999999999999,1
93,90,31,3,17,7,22.6,91.5,-4.440892098500626e-16,0
62,84,32,7,11,21,19.4,73.0,-1.4000000000000004,0
76,83,1,8,13,15,8.2,79.5,1.0999999999999996,0
71,44,32,3,1,15,13.4,57.5,-2.4000000000000004,1
72,45,32,4,17,4,23.0,58.5,1.5999999999999999,1
40,65,12,13,1,23,5.4,52.5,2.2,1
58,93,29,7,10,23,17.6,75.5,-2.0,0
41,43,32,11,8,6,17.6,42.0,5.8999999999999995,1
92,58,12,9,11,24,11.4,75.0,-0.8999999999999995,0
83,59,25,13,16,20,19.6,71.0,3.0999999999999996,0
65,72,21,5,14,5,16.8,68.5,2.0,0
71,59,38,11,16,20,24.8,65.0,1.6999999999999993,0
45,88,1,6,17,12,10.6,66.5,0.5999999999999996,1
71,51,37,2,5,1,17.8,61.0,1.0999999999999999,1
94,86,38,6,16,8,24.8,90.0,1.7999999999999994,0
43,40,25,11,17,1,20.2,41.5,7.3999999999999995,1
94,65,14,13,7,5,9.8,79.5,7.6,0
50,53,33,7,8,22,18.0,51.5,-1.7000000000000002,1
95,77,39,9,5,6,18.6,86.0,4.5,0
98,76,10,5,4,21,6.4,87.0,-2.8,0
56,50,2,14,11,3,7.3999999999999995,53.0,8.899999999999999,1
77,75,5,9,10,15,8.0,76.0,1.7999999999999998,0
63,52,8,8,0,5,3.2,57.5,4.1,1
44,82,5,12,10,24,8.0,63.0,1.1999999999999993,1
91,42,8,5,18,14,14.0,66.5,-0.7000000000000002,0
73,72,38,11,8,18,20.0,72.5,2.3,0
45,45,30,8,1,16,12.6,45.0,0.7999999999999998,1
61,89,31,12,11,6,19.0,75.0,6.599999999999999,0
50,95,11,3,3,24,6.2,72.5,-5.1,0
87,49,7,7,3,14,4.6,68.0,0.6999999999999993,0
55,44,7,10,17,24,13.0,49.5,-0.1999999999999993,1
72,62,27,3,14,8,19.200000000000003,67.0,-0.30000000000000027,0
48,49,19,1,18,7,18.4,48.5,-1.4000000000000001,1
99,83,6,9,12,8,9.6,91.0,3.9,0
98,41,10,10,18,13,14.799999999999999,69.5,3.1,0
45,52,19,8,16,6,17.2,48.5,3.8,1
55,79,15,4,5,18,9.0,67.0,-2.5999999999999996,1
68,41,3,3,15,2,10.2,54.5,1.4999999999999996,1
42,59,5,1,11,8,8.6,50.5,-1.7,1
59,40,21,0,18,11,19.2,49.5,-3.3,1
99,76,25,10,4,1,12.4,87.5,6.7,0
98,48,2,6,16,22,10.4,73.0,-2.4000000000000004,0
75,56,13,5,0,6,5.2,65.5,1.7000000000000002,1
58,48,10,14,9,16,9.399999999999999,53.0,4.999999999999999,1
65,50,17,14,14,20,15.200000000000001,57.5,3.799999999999999,1
42,54,11,1,10,12,10.4,48.0,-2.8999999999999995,1
58,63,22,7,12,11,16.0,60.5,1.5999999999999996,1
59,77,11,10,4,10,6.800000000000001,68.0,4.0,1
71,94,12,3,0,3,4.800000000000001,82.5,1.1999999999999997,0
46,74,24,7,11,13,16.200000000000003,60.0,0.9999999999999996,1
91,69,18,14,10,3,13.2,80.0,8.899999999999999,0
80,70,35,6,16,15,23.6,75.0,-0.3000000000000007,0
72,88,7,4,3,16,4.6,80.0,-2.0,0
79,44,28,9,14,13,19.6,61.5,2.4,1
78,99,31,9,8,17,17.2,88.5,1.2000000000000002,0
57,83,17,11,19,3,18.200000000000003,70.0,6.799999999999999,1
79,89,5,7,18,20,12.799999999999999,84.0,-1.1000000000000005,0
40,53,17,13,18,11,17.6,46.5,5.8,1
50,92,18,8,11,21,13.8,71.0,-0.7000000000000002,0
67,95,21,4,4,19,10.8,81.0,-2.9000000000000004,0
96,50,36,9,9,22,19.8,73.0,-0.2999999999999998,0
64,48,31,4,16,11,22.0,56.0,-0.5,1
89,73,2,1,4,16,3.2,81.0,-4.1,0
62,51,27,4,15,21,19.8,56.5,-3.5,1
70,74,9,2,6,3,7.199999999999999,72.0,0.5,0
69,74,34,6,8,22,18.400000000000002,71.5,-2.4000000000000004,0
81,40,28,9,2,6,12.4,60.5,4.5,1
74,79,14,4,14,14,14.0,76.5,-1.4000000000000004,0
46,61,32,7,15,24,21.8,53.5,-2.3,1
99,99,6,0,17,18,12.6,99.0,-5.3999999999999995,0
55,68,11,2,13,17,12.2,61.5,-3.6999999999999997,1
65,47,29,2,2,4,12.8,56.0,0.19999999999999996,1
87,50,20,8,11,23,14.6,68.5,-1.2999999999999998,0
96,80,30,4,8,15,16.8,88.0,-1.7000000000000002,0
91,76,23,11,6,11,12.8,83.5,4.3999999999999995,0
99,53,19,8,8,3,12.4,76.0,4.699999999999999,0
88,99,36,12,12,3,21.6,93.5,7.499999999999998,0
41,69,3,8,17,16,11.399999999999999,55.0,0.7999999999999998,1
40,74,27,0,4,5,13.200000000000001,57.0,-1.5,1
87,60,19,1,12,21,14.8,73.5,-5.6,0
51,76,23,4,3,10,11.0,63.5,-0.20000000000000018,1
44,44,31,3,1,19,13.0,44.0,-3.6000000000000005,1
76,58,35,14,15,4,23.0,67.0,8.6,0
71,98,33,9,8,19,18.0,84.5,0.5999999999999996,0
98,53,35,8,8,11,18.8,75.5,2.3,0
94,65,1,6,5,2,3.4,79.5,3.599999999999999,0
48,43,14,5,10,10,11.600000000000001,45.5,0.5,1
80,64,33,6,0,11,13.200000000000001,72.0,0.8999999999999995,0
74,84,35,0,3,20,15.8,79.0,-6.0,0
58,81,5,0,12,16,9.2,69.5,-4.8,0
87,64,38,7,12,19,22.4,75.5,-0.8000000000000007,0
55,57,11,12,12,23,11.6,56.0,1.4999999999999991,1
42,79,2,12,1,24,1.4,60.5,1.1999999999999993,1
59,47,17,1,8,11,11.600000000000001,53.0,-2.5999999999999996,1
63,78,39,11,7,14,19.8,70.5,3.499999999999999,0
93,79,20,9,6,2,11.6,86.0,5.7,0
95,53,14,10,3,23,7.4,74.0,0.10000000000000053,0
72,71,32,8,17,5,23.0,71.5,4.1,0
63,90,34,6,2,5,14.8,76.5,2.6999999999999993,0
91,77,25,5,5,19,13.0,84.0,-2.2,0
50,72,7,0,11,21,9.4,61.0,-6.3,1
88,62,35,0,11,12,20.6,75.0,-3.5999999999999996,0
47,54,29,1,7,18,15.8,50.5,-4.699999999999999,1
75,72,22,5,0,4,8.8,73.5,2.3,0
77,64,13,13,3,22,7.0,70.5,2.5,0
79,56,13,5,10,17,11.2,67.5,-1.5999999999999996,0
59,72,1,1,2,10,1.6,65.5,-2.3,1
74,86,36,0,12,20,21.6,80.0,-6.0,0
87,94,4,9,16,6,11.2,90.5,4.5,0
64,41,37,4,9,14,20.2,52.5,-1.4000000000000004,1
74,53,13,4,11,11,11.8,63.5,-0.5,1
64,92,38,1,14,11,23.6,78.0,-2.5999999999999996,0
68,79,24,5,9,18,15.0,73.5,-1.8999999999999995,0
57,79,19,8,13,23,15.4,68.0,-1.2999999999999998,1
85,90,1,1,12,22,7.6,87.5,-5.8999999999999995,0
57,78,38,9,4,18,17.6,67.5,0.9000000000000004,0
41,90,5,1,5,24,5.0,65.5,-6.499999999999999,1
93,45,16,2,1,23,7.0,69.0,-5.5,0
74,45,24,12,16,11,19.200000000000003,59.5,5.099999999999999,1
55,42,27,6,3,21,12.600000000000001,48.5,-2.1000000000000005,1
80,46,1,5,13,12,8.2,63.0,-0.09999999999999964,1
75,90,34,11,9,5,19.0,82.5,6.199999999999999,0
72,47,36,7,2,23,15.6,59.5,-2.0,1
43,81,4,14,2,9,2.8,62.0,7.1,1
72,91,0,7,14,9,8.4,81.5,2.1999999999999997,0
53,54,39,5,5,22,18.6,53.5,-3.0999999999999996,1
60,86,11,11,16,10,14.0,73.0,4.699999999999999,0
87,68,35,10,11,22,20.6,77.5,0.40000000000000036,0
59,72,22,9,19,19,20.200000000000003,65.5,0.5999999999999996,1
95,91,30,2,10,1,18.0,93.0,1.0999999999999999,0
47,69,10,2,3,7,5.8,58.0,-0.7000000000000002,1
46,78,9,14,5,4,6.6,62.0,8.6,1
42,66,2,0,0,1,0.8,54.0,-0.3,1
56,75,13,6,19,15,16.6,65.5,-0.3000000000000007,1
72,68,15,4,15,8,15.0,70.0,0.3999999999999999,0
87,77,9,3,14,12,12.0,82.0,-1.5,0
51,96,28,9,16,22,20.8,73.5,-0.2999999999999998,0
98,72,9,14,7,22,7.800000000000001,85.0,3.1999999999999993,0
90,76,11,3,11,18,11.0,83.0,-3.3,0
61,66,29,13,9,15,17.0,63.5,4.6,1
94,94,0,3,14,17,8.4,94.0,-3.0,0
61,72,4,5,8,14,6.4,66.5,-0.7000000000000002,1
85,43,19,14,1,14,8.200000000000001,64.0,5.599999999999999,1
69,61,7,7,4,18,5.2,65.0,-0.5,1
77,41,11,7,5,20,7.4,59.0,-1.1000000000000005,1
77,49,0,4,6,18,3.5999999999999996,63.0,-2.5999999999999996,1
84,44,19,14,0,16,7.6000000000000005,64.0,4.999999999999999,1
90,98,27,5,6,1,14.4,94.0,3.2,0
93,49,36,3,19,23,25.8,71.0,-4.8,0
47,72,36,11,11,11,21.0,59.5,4.3999999999999995,1
66,93,11,13,15,15,13.4,79.5,4.6,0
66,77,36,10,15,12,23.4,71.5,3.4000000000000004,0
73,52,27,12,10,8,16.8,62.5,5.999999999999998,1
60,70,14,8,3,22,7.4,65.0,-1.0,1
69,86,5,7,12,20,9.2,77.5,-1.1000000000000005,0
72,75,19,9,6,6,11.2,73.5,4.5,0
67,84,13,11,3,3,7.0,75.5,6.799999999999999,0
86,63,1,9,14,24,8.8,74.5,-0.8999999999999995,0
72,91,8,0,18,13,14.0,81.5,-3.9,0
44,95,36,14,8,13,19.2,69.5,5.899999999999999,1
99,54,19,1,10,2,13.600000000000001,76.5,0.09999999999999998,0
87,68,25,8,7,5,14.2,77.5,4.1,0
58,47,28,7,0,17,11.200000000000001,52.5,-0.20000000000000018,1
43,44,0,13,7,6,4.2,43.5,7.3,1
74,68,34,2,12,2,20.8,71.0,0.7999999999999999,0
88,86,5,7,3,4,3.8,87.0,3.6999999999999993,0
56,43,36,11,7,22,18.6,49.5,1.0999999999999996,1
83,51,4,0,2,11,2.8,67.0,-3.3,0
67,84,32,9,8,8,17.6,75.5,3.9,0
69,41,13,3,1,12,5.8,55.0,-1.5,1
68,66,11,2,1,8,5.0,67.0,-1.0,0
85,70,19,5,12,11,14.8,77.5,0.20000000000000018,0
92,90,23,6,14,22,17.6,91.0,-2.4000000000000004,0
45,90,33,3,11,20,19.8,67.5,-3.9000000000000004,0
74,75,24,6,3,8,11.400000000000002,74.5,1.7999999999999994,0
99,75,28,8,7,8,15.400000000000002,87.0,3.1999999999999997,0
80,65,38,10,8,17,20.0,72.5,1.9000000000000004,0
76,82,30,1,4,20,14.4,79.0,-5.3,0
63,66,22,10,19,20,20.200000000000003,64.5,1.0,1
68,44,37,2,17,23,25.0,56.0,-5.5,1
88,59,19,4,10,16,13.600000000000001,73.5,-2.0,0
85,50,22,2,14,14,17.200000000000003,67.5,-2.8000000000000003,0
92,49,15,10,8,11,10.8,70.5,3.7,0
70,79,7,7,16,7,12.4,74.5,2.7999999999999994,0
74,77,20,11,11,16,14.6,75.5,2.8999999999999995,0
99,45,0,9,6,13,3.5999999999999996,72.0,2.4,0
72,47,7,7,9,15,8.2,59.5,0.39999999999999947,1
91,62,28,7,9,24,16.6,76.5,-2.3,0
60,86,31,11,12,16,19.6,73.0,2.8999999999999995,0
71,65,37,11,18,21,25.6,68.0,1.3999999999999995,0
62,85,4,8,10,23,7.6,73.5,-1.2999999999999998,0
72,82,21,3,12,24,15.6,77.0,-5.1,0
42,51,33,4,7,9,17.400000000000002,46.5,0.10000000000000009,1
57,65,0,4,7,3,4.2,61.0,1.9,1
64,52,25,7,3,19,11.8,58.0,-0.8000000000000007,1
81,79,9,6,14,20,12.0,80.0,-1.8000000000000007,0
70,57,29,8,10,5,17.6,63.5,4.1,1
93,64,17,14,10,10,12.8,78.5,6.799999999999999,0
97,72,16,14,0,17,6.4,84.5,4.699999999999999,0
42,86,25,13,16,15,19.6,64.0,4.6,1
79,79,7,7,14,23,11.200000000000001,79.0,-2.0,0
85,99,39,1,19,8,27.0,92.0,-1.7,0
63,82,11,9,5,15,7.4,72.5,1.7999999999999998,0
89,51,26,11,14,21,18.8,70.0,1.3999999999999995,0
71,83,7,3,8,14,7.6,77.0,-2.1000000000000005,0
86,75,24,5,13,20,17.400000000000002,80.5,-2.5,0
61,87,3,11,17,7,11.399999999999999,74.0,5.6,0
62,43,32,1,16,21,22.4,52.5,-5.6,1
41,44,0,6,17,23,10.2,42.5,-2.7,1
66,95,18,2,4,12,9.6,80.5,-2.1999999999999997,0
81,76,30,12,19,17,23.4,78.5,3.299999999999999,0
41,47,15,2,19,17,17.4,44.0,-3.6999999999999997,1
65,81,13,10,8,10,10.0,73.0,4.0,0
56,88,4,1,10,19,7.6,72.0,-5.0,0
79,67,25,10,0,14,10.0,73.0,2.8,0
72,70,27,7,17,11,21.0,71.0,1.5999999999999996,0
48,97,1,5,5,2,3.4,72.5,2.9,1
82,48,5,0,1,18,2.6,65.0,-5.3999999999999995,0
93,93,8,11,14,7,11.600000000000001,93.0,5.6,0
87,90,32,0,13,12,20.6,88.5,-3.5999999999999996,0
78,68,24,6,4,2,12.000000000000002,73.0,3.599999999999999,0
68,53,12,7,5,20,7.800000000000001,60.5,-1.1000000000000005,1
81,79,8,4,5,18,6.2,80.0,-2.5999999999999996,0
94,80,12,11,17,6,15.0,87.0,5.8999999999999995,0
65,61,30,10,13,24,19.8,63.0,-0.1999999999999993,1
74,50,10,4,9,10,9.399999999999999,62.0,-0.20000000000000018,1
89,62,3,3,13,20,9.0,75.5,-3.9000000000000004,0
64,40,33,13,12,15,20.4,52.0,4.6,1
63,85,37,5,2,5,16.0,74.0,2.0,0
52,76,3,13,5,20,4.2,64.0,3.0999999999999996,1
99,60,37,5,7,3,19.0,79.5,2.6,0
97,65,18,2,11,5,13.8,81.0,-0.10000000000000009,0
46,85,5,8,12,8,9.2,65.5,3.1999999999999997,1
96,75,33,11,10,8,19.200000000000003,85.5,5.299999999999999,0
75,93,17,10,11,8,13.4,84.0,4.6,0
84,62,12,13,0,12,4.800000000000001,73.0,5.5,0
59,96,22,6,16,24,18.4,77.5,-3.0,0
40,40,18,0,15,23,16.2,40.0,-6.8999999999999995,1
47,93,10,14,10,8,10.0,70.0,7.399999999999999,1
85,94,0,12,12,11,7.199999999999999,89.5,5.099999999999999,0
55,90,23,6,17,14,19.4,72.5,-8.881784197001252e-16,0
53,79,6,4,10,8,8.4,66.0,0.3999999999999999,1
51,54,24,4,11,24,16.200000000000003,52.5,-4.3999999999999995,1
90,60,20,13,5,10,11.0,75.0,6.1,0
62,86,14,12,8,7,10.4,74.0,6.299999999999999,0
54,48,0,1,15,17,9.0,51.0,-4.3999999999999995,1
67,92,11,3,3,4,6.2,79.5,0.8999999999999997,0
73,48,6,11,2,13,3.6000000000000005,60.5,3.7999999999999994,1
41,49,14,5,15,4,14.600000000000001,45.0,2.3,1
71,91,20,9,11,5,14.6,81.0,4.8,0
62,96,18,14,10,22,13.2,79.0,3.1999999999999993,0
61,92,28,10,4,4,13.600000000000001,76.5,5.8,0
90,65,24,6,17,18,19.8,77.5,-1.2000000000000002,0
64,80,32,10,18,6,23.6,72.0,5.2,0
97,74,31,4,5,24,15.4,85.5,-4.3999999999999995,0
61,91,34,8,17,24,23.8,76.0,-1.5999999999999996,0
97,64,37,2,5,23,17.8,80.5,-5.5,0
97,65,25,0,3,22,11.8,81.0,-6.6,0
61,50,10,3,11,2,10.6,55.5,1.4999999999999996,1
88,77,34,8,18,23,24.4,82.5,-1.2999999999999998,0
91,41,7,3,1,11,3.4000000000000004,66.0,-1.2000000000000002,0
81,46,13,1,16,14,14.8,63.5,-3.5,1
45,57,9,9,10,5,9.6,51.0,4.8,1
54,66,1,13,10,6,6.4,60.0,7.3,1
93,73,8,13,15,10,12.2,83.0,6.1,0
82,66,2,4,1,8,1.4,74.0,0.3999999999999999,0
99,56,20,2,1,14,8.6,77.5,-2.8000000000000003,0
76,82,25,12,7,24,14.2,79.0,1.1999999999999993,0
72,98,7,11,12,3,10.0,85.0,6.799999999999999,0
47,83,1,12,9,12,5.8,65.0,4.799999999999999,1
92,98,5,8,7,16,6.2,95.0,0.7999999999999998,0
99,90,27,3,3,23,12.600000000000001,94.5,-4.8,0
83,93,28,5,14,17,19.6,88.0,-1.5999999999999996,0
83,63,25,1,0,1,10.0,73.0,0.39999999999999997,0
44,64,24,5,10,23,15.600000000000001,54.0,-3.3999999999999995,1
78,46,11,2,6,10,8.0,62.0,-1.6,1
43,91,4,11,16,23,11.2,67.0,0.7999999999999998,1
45,45,33,11,19,10,24.6,45.0,4.699999999999999,1
84,92,36,8,17,21,24.6,88.0,-0.7000000000000002,0
71,63,14,10,11,24,12.2,67.0,-0.1999999999999993,1
91,72,35,1,8,2,18.8,81.5,0.09999999999999998,0
69,88,14,14,4,9,8.0,78.5,7.1,0
86,68,22,11,9,22,14.2,77.0,1.0999999999999996,0
74,82,5,11,3,13,3.8,78.0,3.7999999999999994,0
94,61,20,8,4,16,10.4,77.5,0.7999999999999998,0
79,65,22,4,9,18,14.2,72.0,-2.5999999999999996,0
91,67,15,7,10,19,12.0,79.0,-0.8000000000000007,0
55,89,14,1,9,12,11.0,72.0,-2.8999999999999995,0
52,60,24,5,7,8,13.8,56.0,1.1,1
89,88,35,2,1,17,14.6,88.5,-3.6999999999999997,0
99,46,10,11,7,15,8.2,72.5,3.1999999999999993,0
81,56,14,11,15,10,14.600000000000001,68.5,4.699999999999999,0
69,59,3,13,4,15,3.6,64.0,4.6,1
58,80,20,9,2,15,9.2,69.0,1.7999999999999998,1
56,88,12,4,11,23,11.4,72.0,-4.1,0
95,59,21,11,12,7,15.6,77.0,5.6,0
58,93,18,7,12,13,14.399999999999999,75.5,0.9999999999999996,0
67,61,33,9,9,17,18.6,64.0,1.2000000000000002,1
97,67,13,13,3,9,7.0,82.0,6.4,0
94,79,3,0,8,8,6.0,86.5,-2.4,0
65,88,26,4,1,20,11.0,76.5,-3.2,0
76,46,28,2,18,21,22.0,61.0,-4.9,1
65,40,27,3,0,18,10.8,52.5,-3.3,1
92,71,34,1,6,13,17.200000000000003,81.5,-3.2,0
62,52,7,8,16,16,12.4,57.0,0.7999999999999998,1
48,69,15,2,2,9,7.2,58.5,-1.2999999999999998,1
51,62,35,14,19,12,25.4,56.5,6.199999999999999,1
92,90,29,1,19,12,23.0,91.0,-2.8999999999999995,0
40,98,17,9,2,6,8.0,69.0,4.5,1
97,95,1,10,2,19,1.6,96.0,1.2999999999999998,0
97,58,12,8,16,7,14.4,77.5,3.4999999999999996,0
40,71,3,6,6,3,4.8,55.5,3.2999999999999994,1
86,69,25,5,13,16,17.8,77.5,-1.2999999999999998,0
73,68,24,0,16,18,19.200000000000003,70.5,-5.3999999999999995,0
71,88,29,4,17,16,21.8,79.5,-2.0,0
93,84,10,11,12,23,11.2,88.5,0.7999999999999998,0
87,68,6,10,19,7,13.8,77.5,4.9,0
64,69,30,13,19,4,23.4,66.5,7.8999999999999995,1
79,55,9,14,17,8,13.799999999999999,67.0,7.399999999999999,1
84,79,38,10,3,13,17.0,81.5,3.1,0
92,58,12,2,0,13,4.800000000000001,75.0,-2.5,0
40,57,30,0,17,17,22.2,48.5,-5.1,1
55,40,6,3,0,17,2.4000000000000004,47.5,-3.0,1
78,53,35,12,12,5,21.2,65.5,6.899999999999999,0
44,90,19,1,19,6,19.0,67.0,-1.0999999999999999,1
61,86,3,1,19,19,12.600000000000001,73.5,-5.0,0
68,89,6,2,9,13,7.8,78.5,-2.5,0
94,41,0,7,10,14,6.0,67.5,0.6999999999999993,0
42,93,12,7,8,22,9.600000000000001,67.5,-1.7000000000000002,1
51,67,21,11,8,4,13.2,59.0,6.499999999999999,1
65,88,20,14,4,7,10.4,76.5,7.699999999999999,0
55,89,21,6,0,8,8.4,72.0,1.7999999999999994,0
90,69,27,5,16,13,20.4,79.5,-0.3999999999999999,0
76,77,8,8,1,6,3.8000000000000003,76.5,3.8,0
61,90,25,3,12,6,17.2,75.5,0.2999999999999998,0
96,43,8,11,8,24,8.0,69.5,0.5,0
68,40,14,0,3,21,7.4,54.0,-6.3,1
53,47,9,7,4,3,6.0,50.0,3.9999999999999996,1
67,68,23,6,10,3,15.200000000000001,67.5,3.2999999999999994,0
44,94,7,6,18,13,13.6,69.0,0.2999999999999994,1
86,78,23,14,2,22,10.4,82.0,3.1999999999999993,0
88,42,15,2,11,2,12.6,65.0,0.7999999999999999,0
69,71,25,3,18,16,20.799999999999997,70.0,-2.7,0
85,49,26,9,18,22,21.2,67.0,-0.2999999999999998,0
91,49,36,8,12,6,21.6,70.0,3.8,0
44,58,3,14,6,8,4.8,51.0,7.399999999999999,1
51,85,23,5,14,23,17.6,68.0,-3.3999999999999995,1
55,73,18,14,6,8,10.8,64.0,7.399999999999999,1
65,99,35,14,7,6,18.2,82.0,7.999999999999999,0
65,72,38,4,4,14,17.6,68.5,-1.4000000000000004,0
87,62,9,2,13,3,11.4,74.5,0.5,0
60,94,24,8,3,10,11.400000000000002,77.0,2.5999999999999996,0
78,67,17,4,9,3,12.2,72.5,1.9,0
75,71,18,4,19,12,18.6,73.0,-0.7999999999999998,0
72,89,35,13,14,17,22.4,80.5,4.0,0
69,46,9,3,17,5,13.799999999999999,57.5,0.5999999999999996,1
76,68,32,13,19,20,24.200000000000003,72.0,3.0999999999999996,0
62,47,4,3,12,9,8.799999999999999,54.5,-0.6000000000000001,1
97,40,34,11,7,21,17.8,68.5,1.3999999999999995,0
49,96,33,0,8,20,18.0,72.5,-6.0,0
93,94,32,6,15,7,21.8,93.5,2.099999999999999,0
44,42,20,8,18,22,18.799999999999997,43.0,-1.0,1
75,63,16,2,15,4,15.4,69.0,0.19999999999999996,0
73,62,21,11,6,13,12.0,67.5,3.7999999999999994,0
91,98,36,12,13,13,22.2,94.5,4.499999999999998,0
70,47,14,14,13,10,13.4,58.5,6.799999999999999,1
49,93,34,1,3,18,15.400000000000002,71.0,-4.699999999999999,0
97,96,27,2,14,17,19.200000000000003,96.5,-3.6999999999999997,0
58,86,6,0,2,20,3.6000000000000005,72.0,-6.0,0
97,76,31,5,4,20,14.8,86.5,-2.5,0
71,42,10,10,0,13,4.0,56.5,3.1,1
40,90,9,10,2,17,4.8,65.0,1.9000000000000004,1
95,72,8,6,14,22,11.600000000000001,83.5,-2.4000000000000004,0
44,67,13,10,7,4,9.4,55.5,5.8,1
84,86,12,10,3,1,6.6000000000000005,85.0,6.7,0
43,47,24,1,1,1,10.200000000000001,45.0,0.39999999999999997,1
55,73,1,7,9,15,5.8,64.0,0.39999999999999947,1
63,74,34,13,3,13,15.400000000000002,68.5,5.199999999999999,0
55,71,6,5,2,17,3.6000000000000005,63.0,-1.5999999999999996,1
94,63,20,13,1,24,8.6,78.5,1.9000000000000004,0
41,53,17,3,16,8,16.4,47.0,-0.30000000000000027,1
88,71,2,4,19,18,12.200000000000001,79.5,-2.5999999999999996,0
67,95,38,7,12,13,22.4,81.0,0.9999999999999996,0
71,85,10,13,4,23,6.4,78.0,2.2,0
66,82,38,2,8,14,20.0,74.0,-2.8000000000000003,0
59,55,23,2,5,8,12.200000000000001,57.0,-1.0,1
63,43,18,13,4,8,9.6,53.0,6.699999999999999,1
51,91,3,14,9,15,6.6,71.0,5.299999999999999,1
89,76,25,13,7,13,14.2,82.5,5.199999999999999,0
74,93,37,10,6,7,18.4,83.5,4.9,0
99,60,31,3,6,5,16.0,79.5,0.5999999999999996,0
72,53,38,0,5,17,18.200000000000003,62.5,-5.1,0
72,70,35,8,19,16,25.4,71.0,0.7999999999999998,0
90,94,39,7,2,23,16.8,92.0,-2.0,0
82,87,36,7,18,2,25.2,84.5,4.3,0
76,57,32,13,14,22,21.200000000000003,66.5,2.5,0
51,46,35,9,3,18,15.8,48.5,0.9000000000000004,1
42,49,2,5,11,17,7.3999999999999995,45.5,-1.5999999999999996,1
40,46,8,6,5,7,6.2,43.0,2.099999999999999,1
72,72,7,5,18,13,13.6,72.0,-0.3999999999999999,0
79,62,32,8,3,18,14.600000000000001,70.5,0.20000000000000018,0
49,60,5,2,14,14,10.4,54.5,-2.8000000000000003,1
82,58,38,13,8,18,20.0,70.0,3.7,0
83,87,3,2,4,13,3.6,85.0,-2.5,0
68,58,12,2,12,11,12.0,63.0,-1.9,1
52,75,1,9,17,21,10.6,63.5,0.0,1
51,68,4,2,4,21,4.0,59.5,-4.9,1
70,99,26,8,15,16,19.4,84.5,0.7999999999999998,0
85,57,31,11,18,23,23.2,71.0,0.7999999999999998,0
41,41,20,3,13,17,15.8,41.0,-3.0,1
90,40,7,12,15,8,11.8,65.0,5.999999999999998,1
89,86,37,6,14,19,23.200000000000003,87.5,-1.5000000000000009,0
74,44,7,13,3,20,4.6,59.0,3.0999999999999996,1
62,59,2,14,6,15,4.3999999999999995,60.5,5.299999999999999,1
56,50,2,8,15,9,9.8,53.0,2.9,1
65,81,21,10,7,20,12.600000000000001,73.0,1.0,0
47,41,5,11,16,10,11.6,44.0,4.699999999999999,1
68,42,1,6,15,12,9.4,55.0,0.5999999999999996,1
65,62,22,8,9,21,14.2,63.5,-0.7000000000000002,1
49,94,1,11,9,23,5.8,71.5,0.7999999999999998,1
65,51,37,2,1,20,15.4,58.0,-4.6,1
73,59,16,14,8,1,11.2,66.0,9.499999999999998,1
90,44,34,3,16,20,23.200000000000003,67.0,-3.9000000000000004,0
80,76,33,13,10,9,19.200000000000003,78.0,6.4,0
46,77,22,7,9,22,14.2,61.5,-1.7000000000000002,1
43,69,29,5,16,15,21.200000000000003,56.0,-1.0,1
97,48,7,4,3,1,4.6,72.5,2.5,0
92,73,21,12,15,12,17.4,82.5,4.799999999999999,0
89,92,35,3,19,3,25.4,90.5,1.1999999999999997,0
84,83,4,7,14,11,10.0,83.5,1.5999999999999996,0
50,74,12,0,4,2,7.200000000000001,62.0,-0.6,1
68,91,28,13,5,16,14.200000000000001,79.5,4.3,0
95,97,30,8,16,9,21.6,96.0,2.9,0
75,61,15,0,0,15,6.0,68.0,-4.5,0
64,83,29,7,18,12,22.4,73.5,1.2999999999999998,0
60,63,15,3,3,1,7.8,61.5,1.7999999999999996,1
96,56,11,8,16,13,14.0,76.0,1.6999999999999997,0
75,49,16,13,8,14,11.2,62.0,4.8999999999999995,1
49,69,15,10,1,8,6.6,59.0,4.6,1
76,95,11,4,7,8,8.600000000000001,85.5,0.3999999999999999,0
48,98,7,2,14,12,11.200000000000001,73.0,-2.1999999999999997,0
63,85,19,8,6,1,11.2,74.0,5.3,0
74,62,2,10,5,11,3.8,68.0,3.7,1
88,71,15,13,0,8,6.0,79.5,6.699999999999999,0
74,56,29,13,14,10,20.0,65.0,6.1,1
87,89,22,8,6,19,12.4,88.0,-0.10000000000000053,0
75,90,27,3,16,11,20.4,82.5,-1.2000000000000002,0
57,56,39,10,1,7,16.200000000000003,56.5,4.9,1
88,53,4,3,8,11,6.4,70.5,-1.2000000000000002,0
78,48,19,11,8,17,12.4,63.0,2.5999999999999996,1
71,79,39,7,12,1,22.8,75.0,4.6,0
63,41,0,1,5,21,3.0,52.0,-5.6,1
62,84,29,8,5,21,14.600000000000001,73.0,-0.7000000000000002,0
71,64,20,12,19,8,19.4,67.5,5.999999999999998,1
76,78,19,13,19,23,19.0,77.0,2.2,0
51,48,5,5,2,24,3.2,49.5,-3.6999999999999993,1
88,93,21,8,16,6,18.0,90.5,3.8,0
94,61,17,7,16,22,16.4,77.5,-1.7000000000000002,0
52,82,7,14,11,18,9.4,67.0,4.3999999999999995,1
62,85,38,14,15,6,24.200000000000003,73.5,7.999999999999999,0
64,43,31,6,14,5,20.8,53.5,2.6999999999999993,1
74,65,32,12,12,13,20.0,69.5,4.499999999999998,0
80,97,15,13,0,19,6.0,88.5,3.3999999999999995,0
69,68,11,0,16,22,14.0,68.5,-6.6,0
56,84,37,13,2,8,16.0,70.0,6.699999999999999,0
88,73,33,11,14,9,21.6,80.5,5.0,0
59,62,13,2,3,17,7.0,60.5,-3.6999999999999997,1
87,76,35,10,3,3,15.8,81.5,6.1,0
64,50,32,13,17,19,23.0,57.0,3.3999999999999995,1
61,45,22,1,16,11,18.4,53.0,-2.5999999999999996,1
52,57,1,4,18,24,11.2,54.5,-4.3999999999999995,1
98,60,20,14,10,17,14.0,79.0,4.699999999999999,0
58,81,1,4,19,21,11.8,69.5,-3.5,1
88,75,26,4,2,19,11.6,81.5,-2.9000000000000004,0
75,80,8,3,7,2,7.4,77.5,1.4999999999999996,0
51,77,0,4,13,8,7.8,64.0,0.3999999999999999,1
80,73,10,2,0,19,4.0,76.5,-4.300000000000001,0
58,56,2,11,13,7,8.6,57.0,5.6,1
51,76,22,0,1,17,9.4,63.5,-5.1,1
48,64,25,4,3,6,11.8,56.0,1.0,1
46,77,3,12,18,19,12.0,61.5,2.6999999999999984,1
67,97,17,8,5,24,9.8,82.0,-1.5999999999999996,0
53,51,5,12,0,6,2.0,52.0,6.599999999999999,1
70,62,34,8,16,2,23.200000000000003,66.0,5.0,0
91,92,21,3,7,6,12.600000000000001,91.5,0.2999999999999998,0
58,81,14,2,18,23,16.4,69.5,-5.5,0
97,61,21,0,0,5,8.4,79.0,-1.5,0
86,60,36,1,4,19,16.8,73.0,-5.0,0
55,66,11,7,15,20,13.4,60.5,-1.1000000000000005,1
92,96,37,0,5,4,17.8,94.0,-1.2,0
44,70,17,7,7,22,11.0,57.0,-1.7000000000000002,1
74,45,34,12,12,17,20.8,59.5,3.299999999999999,1
51,66,29,6,15,11,20.6,58.5,0.8999999999999995,1
64,79,23,14,2,4,10.4,71.5,8.6,0
91,73,29,7,18,13,22.4,82.0,0.9999999999999996,0
98,51,13,11,11,20,11.8,74.5,1.6999999999999993,0
60,84,5,5,15,17,11.0,72.0,-1.5999999999999996,0
75,96,2,11,10,9,6.8,85.5,5.0,0
92,92,15,13,9,4,11.399999999999999,92.0,7.8999999999999995,0
62,46,6,14,19,23,13.8,54.0,2.8999999999999995,1
55,49,13,14,3,14,7.0,52.0,5.599999999999999,1
96,84,8,8,11,19,9.8,90.0,-0.10000000000000053,0
78,56,14,2,1,3,6.2,67.0,0.5,0
84,65,20,9,18,14,18.799999999999997,74.5,2.0999999999999996,0
92,60,34,3,4,8,16.0,76.0,-0.30000000000000027,0
81,67,1,12,7,24,4.6000000000000005,74.0,1.1999999999999993,0
97,97,26,5,6,1,14.0,97.0,3.2,0
78,85,1,7,13,10,8.2,81.5,1.8999999999999995,0
53,41,34,4,2,18,14.8,47.0,-2.5999999999999996,1
70,99,17,2,17,16,17.0,84.5,-3.4,0
97,93,13,5,15,8,14.2,95.0,1.1,0
44,82,19,3,18,1,18.4,63.0,1.7999999999999996,1
74,40,17,8,18,12,17.6,57.0,2.0,1
62,90,9,12,17,8,13.799999999999999,76.0,5.999999999999998,0
68,92,24,2,19,24,21.0,80.0,-5.799999999999999,0
82,75,1,3,15,16,9.4,78.5,-2.7,0
50,90,24,6,7,18,13.8,70.0,-1.2000000000000002,0
57,65,32,6,0,4,12.8,61.0,2.999999999999999,1
86,68,35,11,16,6,23.6,77.0,5.8999999999999995,0
51,60,30,11,11,12,18.6,55.5,4.1,1
48,50,13,3,10,9,11.2,49.0,-0.6000000000000001,1
49,79,0,5,4,15,2.4,64.0,-1.0,1
97,50,15,11,11,16,12.6,73.5,2.8999999999999995,0
83,75,2,12,16,24,10.4,79.0,1.1999999999999993,0
56,88,34,2,5,12,16.6,72.0,-2.1999999999999997,0
77,98,5,5,0,24,2.0,87.5,-3.6999999999999993,0
46,78,24,11,4,23,12.000000000000002,62.0,0.7999999999999998,1
85,79,12,1,13,14,12.600000000000001,82.0,-3.5,0
52,74,33,7,4,13,15.600000000000001,63.0,0.9999999999999996,1
79,93,7,1,0,2,2.8000000000000003,86.0,0.09999999999999998,0
81,73,20,10,17,3,18.2,77.0,6.1,0
48,94,33,6,15,24,22.200000000000003,71.0,-3.0,0
89,86,3,8,8,22,6.0,87.5,-1.0,0
66,63,24,0,18,10,20.4,64.5,-3.0,1
97,93,14,7,4,9,8.0,95.0,2.1999999999999997,0
41,61,3,6,1,20,1.8000000000000003,51.0,-1.8000000000000007,1
44,44,11,5,14,8,12.8,44.0,1.1,1
68,95,31,5,6,10,16.0,81.5,0.5,0
76,72,31,5,3,19,14.2,74.0,-2.2,0
77,97,27,8,0,3,10.8,87.0,4.699999999999999,0
58,75,12,1,12,24,12.0,66.5,-6.499999999999999,1
47,86,30,0,19,5,23.4,66.5,-1.5,1
87,59,13,12,6,3,8.8,73.0,7.499999999999998,0
84,58,19,11,14,16,16.0,71.0,2.8999999999999995,0
40,74,17,5,13,17,14.600000000000001,57.0,-1.5999999999999996,1
61,91,28,9,18,15,22.0,76.0,1.7999999999999998,0
91,82,5,10,19,3,13.4,86.5,6.1,0
56,56,31,7,17,12,22.6,56.0,1.2999999999999998,1
46,98,28,2,9,9,16.6,72.0,-1.2999999999999998,0
64,84,1,11,8,21,5.2,74.0,1.3999999999999995,0
84,82,22,9,7,12,13.0,83.0,2.7,0
43,73,18,0,9,15,12.6,58.0,-4.5,1
75,48,30,8,16,2,21.6,61.5,5.0,1
45,65,4,12,1,23,2.2,55.0,1.4999999999999991,1
99,41,18,12,5,18,10.2,70.0,2.999999999999999,0
70,92,33,0,4,20,15.600000000000001,81.0,-6.0,0
58,48,9,2,8,12,8.4,53.0,-2.1999999999999997,1
83,48,24,7,4,23,12.000000000000002,65.5,-2.0,0
93,79,1,13,17,4,10.6,86.0,7.8999999999999995,0
78,56,10,2,19,23,15.4,67.0,-5.5,0
66,40,30,12,8,16,16.8,53.0,3.5999999999999988,1
49,64,14,3,16,23,15.2,56.5,-4.8,1
65,82,8,7,16,16,12.8,73.5,0.09999999999999964,0
58,79,22,0,11,1,15.4,68.5,-0.3,0
78,81,18,12,6,22,10.8,79.5,1.799999999999999,0
42,64,8,12,2,2,4.4,53.0,7.799999999999999,1
84,78,34,5,9,3,19.0,81.0,2.6,0
52,74,20,0,1,21,8.6,63.0,-6.3,1
89,42,8,13,2,20,4.4,65.5,3.0999999999999996,1
67,89,27,0,15,17,19.8,78.0,-5.1,0
97,76,6,13,1,20,3.0000000000000004,86.5,3.0999999999999996,0
59,83,15,7,9,22,11.399999999999999,71.0,-1.7000000000000002,0
67,83,15,10,5,21,9.0,75.0,0.7000000000000002,0
47,90,32,3,10,1,18.8,68.5,1.7999999999999996,0
80,69,3,11,6,20,4.8,74.5,1.6999999999999993,0
78,77,3,0,14,6,9.600000000000001,77.5,-1.7999999999999998,0
40,73,38,9,5,15,18.200000000000003,56.5,1.7999999999999998,1
42,51,39,6,19,14,27.0,46.5,-8.881784197001252e-16,1
52,58,16,4,8,20,11.2,55.0,-3.2,1
67,76,36,4,19,15,25.8,71.5,-1.7000000000000002,0
96,83,38,0,11,14,21.8,89.5,-4.2,0
99,98,28,13,18,21,22.0,98.5,2.8,0
88,98,35,9,19,24,25.4,93.0,-0.8999999999999995,0
64,88,37,10,2,5,16.0,76.0,5.5,0
95,56,38,5,14,6,23.6,75.5,1.7000000000000002,0
72,49,36,13,1,17,15.0,60.5,4.0,1
77,96,34,8,1,11,14.200000000000001,86.5,2.3,0
92,94,6,8,2,16,3.6000000000000005,93.0,0.7999999999999998,0
45,88,26,7,5,12,13.4,66.5,1.2999999999999998,1
97,86,27,4,14,15,19.200000000000003,91.5,-1.7000000000000002,0
83,51,21,0,9,23,13.8,67.0,-6.8999999999999995,0
84,55,13,8,8,4,10.0,69.5,4.3999999999999995,0
71,63,6,0,0,18,2.4000000000000004,67.0,-5.3999999999999995,0
84,58,36,7,15,21,23.4,71.0,-1.4000000000000004,0
86,47,21,4,5,3,11.4,66.5,1.9,0
60,70,4,2,8,22,6.4,65.0,-5.199999999999999,1
55,60,1,10,3,8,2.1999999999999997,57.5,4.6,1
93,56,26,6,1,23,11.0,74.5,-2.7,0
60,62,20,6,3,3,9.8,61.0,3.2999999999999994,1
50,76,37,8,0,8,14.8,63.0,3.1999999999999997,1
99,93,14,6,18,18,16.4,96.0,-1.2000000000000002,0
76,55,20,12,9,10,13.399999999999999,65.5,5.399999999999999,1
75,45,9,10,14,20,12.0,60.0,1.0,1
74,47,22,13,18,17,19.6,60.5,4.0,1
58,64,38,2,15,8,24.200000000000003,61.0,-1.0,1
59,57,4,10,3,23,3.4,58.0,0.10000000000000053,1
96,64,0,12,1,11,0.6,80.0,5.099999999999999,0
57,51,12,14,12,5,12.0,54.0,8.299999999999999,1
86,54,20,13,0,13,8.0,70.0,5.199999999999999,0
80,98,25,12,16,21,19.6,89.0,2.0999999999999988,0
88,65,20,0,12,23,15.2,76.5,-6.8999999999999995,0
53,80,17,7,3,5,8.600000000000001,66.5,3.3999999999999995,1
54,84,36,11,6,24,18.0,69.0,0.5,0
70,65,31,2,16,13,22.0,67.5,-2.5,0
40,86,35,11,8,6,18.8,63.0,5.8999999999999995,1
92,71,16,7,3,5,8.2,81.5,3.3999999999999995,0
93,49,34,7,18,9,24.4,71.0,2.1999999999999997,0
93,55,10,12,0,16,4.0,74.0,3.5999999999999988,0
42,46,20,4,9,2,13.399999999999999,44.0,2.1999999999999997,1
55,56,25,12,3,1,11.8,55.5,8.099999999999998,1
62,62,3,11,8,8,6.0,62.0,5.299999999999999,1
96,65,33,12,12,19,20.4,80.5,2.6999999999999984,0
50,60,17,0,13,11,14.600000000000001,55.0,-3.3,1
51,61,39,12,9,12,21.0,56.0,4.799999999999999,1
49,97,34,9,5,12,16.6,73.0,2.7,0
71,46,28,6,15,7,20.200000000000003,58.5,2.099999999999999,1
55,53,28,11,5,13,14.200000000000001,54.0,3.7999999999999994,1
47,54,37,9,16,8,24.4,50.5,3.9,1
77,92,20,4,9,22,13.399999999999999,84.5,-3.8,0
51,46,12,7,17,9,15.0,48.5,2.1999999999999997,1
63,48,16,8,17,7,16.6,55.5,3.4999999999999996,1
67,90,8,10,2,21,4.4,78.5,0.7000000000000002,0
92,87,0,13,19,24,11.4,89.5,1.9000000000000004,0
47,47,1,6,14,15,8.8,47.0,-0.3000000000000007,1
97,89,28,13,14,2,19.6,93.0,8.5,0
67,98,32,12,3,23,14.600000000000001,82.5,1.4999999999999991,0
75,62,9,14,8,20,8.4,68.5,3.799999999999999,1
65,68,39,6,18,12,26.4,66.5,0.5999999999999996,0
47,57,20,0,16,1,17.6,52.0,-0.3,1
97,70,27,14,10,23,16.8,83.5,2.8999999999999995,0
99,69,10,3,8,22,8.8,84.0,-4.5,0
89,91,33,1,9,8,18.6,90.0,-1.7,0
67,78,7,1,17,5,13.0,72.5,-0.8,0
67,74,21,1,19,15,19.8,70.5,-3.8,0
76,57,7,3,12,1,10.0,66.5,1.7999999999999996,1
80,98,14,13,7,1,9.8,89.0,8.799999999999999,0
75,81,16,0,6,10,10.0,78.0,-3.0,0
66,78,22,14,16,22,18.4,72.0,3.1999999999999993,0
93,56,23,3,14,10,17.6,74.5,-0.9000000000000004,0
56,53,18,1,19,21,18.6,54.5,-5.6,1
48,70,4,4,14,15,10.0,59.0,-1.7000000000000002,1
72,63,31,2,0,17,12.4,67.5,-3.6999999999999997,0
92,74,0,14,13,22,7.8,83.0,3.1999999999999993,0
59,83,22,11,4,6,11.200000000000001,71.0,5.8999999999999995,0
52,99,36,7,10,3,20.4,75.5,3.9999999999999996,0
67,84,7,3,15,13,11.8,75.5,-1.8000000000000003,0
87,73,12,0,1,16,5.4,80.0,-4.8,0
68,42,7,0,7,8,7.0,55.0,-2.4,1
52,76,22,11,10,15,14.8,64.0,3.1999999999999993,1
85,82,0,9,17,17,10.2,83.5,1.2000000000000002,0
74,79,23,2,2,17,10.4,76.5,-3.6999999999999997,0
45,65,34,14,0,22,13.600000000000001,55.0,3.1999999999999993,1
57,94,23,8,10,13,15.200000000000001,75.5,1.6999999999999997,0
90,62,16,6,15,17,15.4,76.0,-0.9000000000000004,0
44,83,4,1,17,6,11.799999999999999,63.5,-1.0999999999999999,1
86,78,19,14,15,17,16.6,82.0,4.699999999999999,0
64,54,20,12,9,16,13.399999999999999,59.0,3.5999999999999988,1
41,95,39,8,17,14,25.8,68.0,1.3999999999999995,1
49,88,30,9,5,13,15.0,68.5,2.4,1
95,43,35,1,18,6,24.799999999999997,69.0,-1.0999999999999999,0
69,68,10,2,3,3,5.8,68.5,0.5,0
89,61,14,10,12,14,12.8,75.0,2.8,0
98,64,18,12,13,14,15.0,81.0,4.199999999999998,0
84,52,6,9,2,15,3.6000000000000005,68.0,1.7999999999999998,0
44,57,27,13,9,8,16.2,50.5,6.699999999999999,1
94,72,4,1,5,15,4.6,83.0,-3.8,0
95,55,4,2,0,22,1.6,75.0,-5.199999999999999,0
72,84,29,5,13,13,19.400000000000002,78.0,-0.3999999999999999,0
93,81,31,8,7,17,16.6,87.0,0.5,0
40,83,7,8,18,21,13.6,61.5,-0.7000000000000002,1
57,41,9,6,13,24,11.4,49.0,-3.0,1
71,94,37,11,9,3,20.2,82.5,6.799999999999999,0
86,74,31,2,16,6,22.0,80.0,-0.3999999999999999,0
88,81,27,3,8,5,15.600000000000001,84.5,0.5999999999999996,0
50,73,16,5,5,22,9.4,61.5,-3.0999999999999996,1
60,69,30,10,10,17,18.0,64.5,1.9000000000000004,1
65,98,7,4,6,23,6.4,81.5,-4.1,0
64,94,39,1,16,2,25.200000000000003,79.0,0.09999999999999998,0
61,52,24,12,0,15,9.600000000000001,56.5,3.8999999999999986,1
98,52,8,5,4,5,5.6,75.0,2.0,0
66,57,1,2,8,20,5.2,61.5,-4.6,1
88,71,14,13,17,6,15.8,79.5,7.3,0
52,71,2,7,1,6,1.4,61.5,3.0999999999999996,1
72,74,35,1,10,18,20.0,73.0,-4.699999999999999,0
73,98,3,0,5,18,4.2,85.5,-5.3999999999999995,0
80,78,13,8,7,4,9.4,79.0,4.3999999999999995,0
74,85,24,13,3,17,11.400000000000002,79.5,4.0,0
40,91,9,11,17,14,13.799999999999999,65.5,3.499999999999999,1
60,68,20,2,10,14,14.0,64.0,-2.8000000000000003,1
87,88,35,10,4,13,16.4,87.5,3.1,0
94,68,11,0,14,7,12.8,81.0,-2.1,0
45,92,26,6,17,12,20.6,68.5,0.5999999999999996,1
67,83,39,12,1,23,16.200000000000003,75.0,1.4999999999999991,0
56,96,1,14,10,15,6.4,76.0,5.299999999999999,0
44,55,12,9,12,19,12.0,49.5,0.5999999999999996,1
70,95,31,4,3,11,14.2,82.5,-0.5,0
44,83,30,4,6,15,15.6,63.5,-1.7000000000000002,1
77,86,15,13,10,12,12.0,81.5,5.5,0
42,96,31,0,3,3,14.2,69.0,-0.8999999999999999,0
92,49,31,14,14,17,20.8,70.5,4.699999999999999,0
62,69,33,14,0,3,13.200000000000001,65.5,8.899999999999999,1
76,64,10,8,2,19,5.2,70.0,-0.10000000000000053,0
92,78,9,6,13,20,11.4,85.0,-1.8000000000000007,0
76,59,14,7,5,4,8.600000000000001,67.5,3.6999999999999993,0
49,44,16,8,17,3,16.6,46.5,4.699999999999999,1
49,40,39,5,0,16,15.600000000000001,44.5,-1.2999999999999998,1
58,69,17,11,5,12,9.8,63.5,4.1,1
56,88,8,4,5,8,6.2,72.0,0.3999999999999999,0
60,42,24,5,15,24,18.6,51.0,-3.6999999999999993,1
53,84,39,10,4,17,18.0,68.5,1.9000000000000004,0
48,53,13,1,16,7,14.8,50.5,-1.4000000000000001,1
85,95,24,3,9,11,15.0,90.0,-1.2000000000000002,0
40,69,21,2,17,18,18.6,54.5,-3.9999999999999996,1
90,89,29,12,6,1,15.200000000000001,89.5,8.099999999999998,0
84,43,19,6,2,3,8.8,63.5,3.2999999999999994,1
52,57,20,8,12,4,15.2,54.5,4.3999999999999995,1
43,76,31,4,14,13,20.8,59.5,-1.1,1
40,64,20,5,19,6,19.4,52.0,1.7000000000000002,1
88,87,34,9,18,14,24.4,87.5,2.0999999999999996,0
79,40,31,13,2,5,13.6,59.5,7.6,1
71,92,29,11,3,16,13.400000000000002,81.5,2.8999999999999995,0
